PPM,INTENSITY
252.1169,15
251.9952,15
251.8734,15
251.7517,15
251.6299,15
251.5082,15
251.3864,15
251.2647,15
251.1430,15
251.0212,15
250.8995,15
250.7777,15
250.6560,15
250.5342,15
250.4125,15
250.2908,15
250.1690,15
250.0473,15
249.9255,15
249.8038,15
249.6820,15
249.5603,15
249.4386,15
249.3168,15
249.1951,15
249.0733,15
248.9516,15
248.8298,15
248.7081,15
248.5864,15
248.4646,15
248.3429,15
248.2211,15
248.0994,15
247.9777,15
247.8559,15
247.7342,15
247.6124,15
247.4907,15
247.3689,15
247.2472,15
247.1255,15
247.0037,15
246.8820,15
246.7602,15
246.6385,15
246.5167,15
246.3950,15
246.2733,15
246.1515,15
246.0298,15
245.9080,16
245.7863,16
245.6645,16
245.5428,16
245.4211,16
245.2993,16
245.1776,16
245.0558,16
244.9341,16
244.8123,16
244.6906,16
244.5689,16
244.4471,16
244.3254,16
244.2036,16
244.0819,16
243.9601,16
243.8384,16
243.7167,16
243.5949,16
243.4732,16
243.3514,16
243.2297,16
243.1080,16
242.9862,16
242.8645,16
242.7427,16
242.6210,16
242.4992,16
242.3775,16
242.2558,16
242.1340,16
242.0123,16
241.8905,16
241.7688,16
241.6470,16
241.5253,16
241.4036,16
241.2818,16
241.1601,16
241.0383,16
240.9166,16
240.7948,16
240.6731,16
240.5514,16
240.4296,16
240.3079,16
240.1861,16
240.0644,16
239.9426,16
239.8209,16
239.6992,16
239.5774,16
239.4557,16
239.3339,16
239.2122,16
239.0904,16
238.9687,16
238.8470,16
238.7252,16
238.6035,16
238.4817,16
238.3600,16
238.2383,16
238.1165,16
237.9948,16
237.8730,16
237.7513,16
237.6295,16
237.5078,16
237.3861,16
237.2643,16
237.1426,16
237.0208,16
236.8991,16
236.7773,16
236.6556,16
236.5339,16
236.4121,16
236.2904,16
236.1686,16
236.0469,16
235.9251,16
235.8034,16
235.6817,16
235.5599,16
235.4382,16
235.3164,16
235.1947,16
235.0729,16
234.9512,16
234.8295,16
234.7077,16
234.5860,16
234.4642,16
234.3425,16
234.2207,16
234.0990,17
233.9773,17
233.8555,17
233.7338,17
233.6120,17
233.4903,17
233.3686,17
233.2468,17
233.1251,17
233.0033,17
232.8816,17
232.7598,17
232.6381,17
232.5164,17
232.3946,17
232.2729,17
232.1511,17
232.0294,17
231.9076,17
231.7859,17
231.6642,17
231.5424,17
231.4207,17
231.2989,17
231.1772,17
231.0554,17
230.9337,17
230.8120,17
230.6902,17
230.5685,17
230.4467,17
230.3250,17
230.2032,17
230.0815,17
229.9598,17
229.8380,17
229.7163,17
229.5945,17
229.4728,17
229.3510,17
229.2293,17
229.1076,17
228.9858,17
228.8641,17
228.7423,17
228.6206,17
228.4989,17
228.3771,17
228.2554,17
228.1336,17
228.0119,17
227.8901,17
227.7684,17
227.6467,17
227.5249,17
227.4032,17
227.2814,17
227.1597,17
227.0379,17
226.9162,17
226.7945,17
226.6727,17
226.5510,17
226.4292,17
226.3075,17
226.1857,17
226.0640,17
225.9423,17
225.8205,17
225.6988,17
225.5770,17
225.4553,18
225.3335,18
225.2118,18
225.0901,18
224.9683,18
224.8466,18
224.7248,18
224.6031,18
224.4813,18
224.3596,18
224.2379,18
224.1161,18
223.9944,18
223.8726,18
223.7509,18
223.6291,18
223.5074,18
223.3857,18
223.2639,18
223.1422,18
223.0204,18
222.8987,18
222.7770,18
222.6552,18
222.5335,18
222.4117,18
222.2900,18
222.1682,18
222.0465,18
221.9248,18
221.8030,18
221.6813,18
221.5595,18
221.4378,18
221.3160,18
221.1943,18
221.0726,18
220.9508,18
220.8291,18
220.7073,18
220.5856,18
220.4638,18
220.3421,18
220.2204,18
220.0986,18
219.9769,18
219.8551,18
219.7334,18
219.6116,18
219.4899,18
219.3682,18
219.2464,18
219.1247,18
219.0029,18
218.8812,18
218.7594,18
218.6377,18
218.5160,19
218.3942,19
218.2725,19
218.1507,19
218.0290,19
217.9073,19
217.7855,19
217.6638,19
217.5420,19
217.4203,19
217.2985,19
217.1768,19
217.0551,19
216.9333,19
216.8116,19
216.6898,19
216.5681,19
216.4463,19
216.3246,19
216.2029,19
216.0811,19
215.9594,19
215.8376,19
215.7159,19
215.5941,19
215.4724,19
215.3507,19
215.2289,19
215.1072,19
214.9854,19
214.8637,19
214.7419,19
214.6202,19
214.4985,19
214.3767,19
214.2550,19
214.1332,19
214.0115,19
213.8897,19
213.7680,19
213.6463,19
213.5245,19
213.4028,19
213.2810,19
213.1593,19
213.0376,19
212.9158,19
212.7941,19
212.6723,20
212.5506,20
212.4288,20
212.3071,20
212.1854,20
212.0636,20
211.9419,20
211.8201,20
211.6984,20
211.5766,20
211.4549,20
211.3332,20
211.2114,20
211.0897,20
210.9679,20
210.8462,20
210.7244,20
210.6027,20
210.4810,20
210.3592,20
210.2375,20
210.1157,20
209.9940,20
209.8722,20
209.7505,20
209.6288,20
209.5070,20
209.3853,20
209.2635,20
209.1418,20
209.0200,20
208.8983,20
208.7766,20
208.6548,20
208.5331,20
208.4113,20
208.2896,20
208.1679,20
208.0461,20
207.9244,20
207.8026,20
207.6809,20
207.5591,21
207.4374,21
207.3157,21
207.1939,21
207.0722,21
206.9504,21
206.8287,21
206.7069,21
206.5852,21
206.4635,21
206.3417,21
206.2200,21
206.0982,21
205.9765,21
205.8547,21
205.7330,21
205.6113,21
205.4895,21
205.3678,21
205.2460,21
205.1243,21
205.0025,21
204.8808,21
204.7591,21
204.6373,21
204.5156,21
204.3938,21
204.2721,21
204.1503,21
204.0286,21
203.9069,21
203.7851,21
203.6634,21
203.5416,21
203.4199,21
203.2981,21
203.1764,21
203.0547,21
202.9329,22
202.8112,22
202.6894,22
202.5677,22
202.4460,22
202.3242,22
202.2025,22
202.0807,22
201.9590,22
201.8372,22
201.7155,22
201.5938,22
201.4720,22
201.3503,22
201.2285,22
201.1068,22
200.9850,22
200.8633,22
200.7416,22
200.6198,22
200.4981,22
200.3763,22
200.2546,22
200.1328,22
200.0111,22
199.8894,22
199.7676,22
199.6459,22
199.5241,22
199.4024,22
199.2806,22
199.1589,22
199.0372,22
198.9154,22
198.7937,23
198.6719,23
198.5502,23
198.4284,23
198.3067,23
198.1850,23
198.0632,23
197.9415,23
197.8197,23
197.6980,23
197.5763,23
197.4545,23
197.3328,23
197.2110,23
197.0893,23
196.9675,23
196.8458,23
196.7241,23
196.6023,23
196.4806,23
196.3588,23
196.2371,23
196.1153,23
195.9936,23
195.8719,23
195.7501,23
195.6284,23
195.5066,23
195.3849,23
195.2631,23
195.1414,23
195.0197,24
194.8979,24
194.7762,24
194.6544,24
194.5327,24
194.4109,24
194.2892,24
194.1675,24
194.0457,24
193.9240,24
193.8022,24
193.6805,24
193.5587,24
193.4370,24
193.3153,24
193.1935,24
193.0718,24
192.9500,24
192.8283,24
192.7066,24
192.5848,24
192.4631,24
192.3413,24
192.2196,24
192.0978,24
191.9761,24
191.8544,24
191.7326,24
191.6109,25
191.4891,25
191.3674,25
191.2456,25
191.1239,25
191.0022,25
190.8804,25
190.7587,25
190.6369,25
190.5152,25
190.3934,25
190.2717,25
190.1500,25
190.0282,25
189.9065,25
189.7847,25
189.6630,25
189.5412,25
189.4195,25
189.2978,25
189.1760,25
189.0543,25
188.9325,25
188.8108,25
188.6890,25
188.5673,25
188.4456,25
188.3238,26
188.2021,26
188.0803,26
187.9586,26
187.8369,26
187.7151,26
187.5934,26
187.4716,26
187.3499,26
187.2281,26
187.1064,26
186.9847,26
186.8629,26
186.7412,26
186.6194,26
186.4977,26
186.3759,26
186.2542,26
186.1325,26
186.0107,26
185.8890,26
185.7672,26
185.6455,26
185.5237,26
185.4020,27
185.2803,27
185.1585,27
185.0368,27
184.9150,27
184.7933,27
184.6715,27
184.5498,27
184.4281,27
184.3063,27
184.1846,27
184.0628,27
183.9411,27
183.8193,27
183.6976,27
183.5759,27
183.4541,27
183.3324,27
183.2106,27
183.0889,27
182.9672,27
182.8454,27
182.7237,27
182.6019,28
182.4802,28
182.3584,28
182.2367,28
182.1150,28
181.9932,28
181.8715,28
181.7497,28
181.6280,28
181.5062,28
181.3845,28
181.2628,28
181.1410,28
181.0193,28
180.8975,28
180.7758,28
180.6540,28
180.5323,28
180.4106,28
180.2888,28
180.1671,28
180.0453,29
179.9236,29
179.8018,29
179.6801,29
179.5584,29
179.4366,29
179.3149,29
179.1931,29
179.0714,29
178.9496,29
178.8279,29
178.7062,29
178.5844,29
178.4627,29
178.3409,29
178.2192,29
178.0974,29
177.9757,29
177.8540,29
177.7322,29
177.6105,30
177.4887,30
177.3670,30
177.2453,30
177.1235,30
177.0018,30
176.8800,30
176.7583,30
176.6365,30
176.5148,30
176.3931,30
176.2713,30
176.1496,30
176.0278,30
175.9061,30
175.7843,30
175.6626,30
175.5409,30
175.4191,30
175.2974,31
175.1756,31
175.0539,31
174.9321,31
174.8104,31
174.6887,31
174.5669,31
174.4452,31
174.3234,31
174.2017,31
174.0799,31
173.9582,31
173.8365,31
173.7147,31
173.5930,31
173.4712,31
173.3495,31
173.2277,31
173.1060,32
172.9843,32
172.8625,32
172.7408,32
172.6190,32
172.4973,32
172.3756,32
172.2538,32
172.1321,32
172.0103,32
171.8886,32
171.7668,32
171.6451,32
171.5234,32
171.4016,32
171.2799,32
171.1581,32
171.0364,33
170.9146,33
170.7929,33
170.6712,33
170.5494,33
170.4277,33
170.3059,33
170.1842,33
170.0624,33
169.9407,33
169.8190,33
169.6972,33
169.5755,33
169.4537,33
169.3320,33
169.2102,33
169.0885,33
168.9668,34
168.8450,34
168.7233,34
168.6015,34
168.4798,34
168.3580,34
168.2363,34
168.1146,34
167.9928,34
167.8711,34
167.7493,34
167.6276,34
167.5059,34
167.3841,34
167.2624,34
167.1406,35
167.0189,35
166.8971,35
166.7754,35
166.6537,35
166.5319,35
166.4102,35
166.2884,35
166.1667,35
166.0449,35
165.9232,35
165.8015,35
165.6797,35
165.5580,35
165.4362,35
165.3145,36
165.1927,36
165.0710,36
164.9493,36
164.8275,36
164.7058,36
164.5840,36
164.4623,36
164.3405,36
164.2188,36
164.0971,36
163.9753,36
163.8536,36
163.7318,36
163.6101,37
163.4883,37
163.3666,37
163.2449,37
163.1231,37
163.0014,37
162.8796,37
162.7579,37
162.6362,37
162.5144,37
162.3927,37
162.2709,37
162.1492,37
162.0274,38
161.9057,38
161.7840,38
161.6622,38
161.5405,38
161.4187,38
161.2970,38
161.1752,38
161.0535,38
160.9318,38
160.8100,38
160.6883,38
160.5665,38
160.4448,39
160.3230,39
160.2013,39
160.0796,39
159.9578,39
159.8361,39
159.7143,39
159.5926,39
159.4708,39
159.3491,39
159.2274,39
159.1056,39
158.9839,39
158.8621,40
158.7404,40
158.6186,40
158.4969,40
158.3752,40
158.2534,40
158.1317,40
158.0099,40
157.8882,40
157.7664,40
157.6447,40
157.5230,41
157.4012,41
157.2795,41
157.1577,41
157.0360,41
156.9143,41
156.7925,41
156.6708,41
156.5490,41
156.4273,41
156.3055,41
156.1838,41
156.0621,42
155.9403,42
155.8186,42
155.6968,42
155.5751,42
155.4533,42
155.3316,42
155.2099,42
155.0881,42
154.9664,42
154.8446,42
154.7229,43
154.6011,43
154.4794,43
154.3577,43
154.2359,43
154.1142,43
153.9924,43
153.8707,43
153.7489,43
153.6272,43
153.5055,44
153.3837,44
153.2620,44
153.1402,44
153.0185,44
152.8967,44
152.7750,44
152.6533,44
152.5315,44
152.4098,44
152.2880,44
152.1663,45
152.0446,45
151.9228,45
151.8011,45
151.6793,45
151.5576,45
151.4358,45
151.3141,45
151.1924,45
151.0706,45
150.9489,46
150.8271,46
150.7054,46
150.5836,46
150.4619,46
150.3402,46
150.2184,46
150.0967,46
149.9749,46
149.8532,47
149.7314,47
149.6097,47
149.4880,47
149.3662,47
149.2445,47
149.1227,47
149.0010,47
148.8792,47
148.7575,48
148.6358,48
148.5140,48
148.3923,48
148.2705,48
148.1488,48
148.0270,48
147.9053,48
147.7836,48
147.6618,49
147.5401,49
147.4183,49
147.2966,49
147.1749,49
147.0531,49
146.9314,49
146.8096,49
146.6879,49
146.5661,50
146.4444,50
146.3227,50
146.2009,50
146.0792,50
145.9574,50
145.8357,50
145.7139,50
145.5922,51
145.4705,51
145.3487,51
145.2270,51
145.1052,51
144.9835,51
144.8617,51
144.7400,51
144.6183,52
144.4965,52
144.3748,52
144.2530,52
144.1313,52
144.0095,52
143.8878,52
143.7661,52
143.6443,53
143.5226,53
143.4008,53
143.2791,53
143.1573,53
143.0356,53
142.9139,53
142.7921,53
142.6704,54
142.5486,54
142.4269,54
142.3052,54
142.1834,54
142.0617,54
141.9399,54
141.8182,55
141.6964,55
141.5747,55
141.4530,55
141.3312,55
141.2095,55
141.0877,55
140.9660,56
140.8442,56
140.7225,56
140.6008,56
140.4790,56
140.3573,56
140.2355,56
140.1138,57
139.9920,57
139.8703,57
139.7486,57
139.6268,57
139.5051,57
139.3833,57
139.2616,58
139.1398,58
139.0181,58
138.8964,58
138.7746,58
138.6529,58
138.5311,58
138.4094,59
138.2876,59
138.1659,59
138.0442,59
137.9224,59
137.8007,59
137.6789,60
137.5572,60
137.4355,60
137.3137,60
137.1920,60
137.0702,60
136.9485,60
136.8267,61
136.7050,61
136.5833,61
136.4615,61
136.3398,61
136.2180,61
136.0963,62
135.9745,62
135.8528,62
135.7311,62
135.6093,62
135.4876,62
135.3658,63
135.2441,63
135.1223,63
135.0006,63
134.8789,63
134.7571,63
134.6354,64
134.5136,64
134.3919,64
134.2701,64
134.1484,64
134.0267,65
133.9049,65
133.7832,65
133.6614,65
133.5397,65
133.4179,65
133.2962,66
133.1745,66
133.0527,66
132.9310,66
132.8092,66
132.6875,67
132.5657,67
132.4440,67
132.3223,67
132.2005,67
132.0788,67
131.9570,68
131.8353,68
131.7136,68
131.5918,68
131.4701,68
131.3483,69
131.2266,69
131.1048,69
130.9831,69
130.8614,69
130.7396,70
130.6179,70
130.4961,70
130.3744,70
130.2526,70
130.1309,71
130.0092,71
129.8874,71
129.7657,71
129.6439,71
129.5222,72
129.4004,72
129.2787,72
129.1570,72
129.0352,73
128.9135,73
128.7917,73
128.6700,73
128.5482,73
128.4265,74
128.3048,74
128.1830,74
128.0613,74
127.9395,75
127.8178,75
127.6960,75
127.5743,75
127.4526,75
127.3308,76
127.2091,76
127.0873,76
126.9656,76
126.8439,77
126.7221,77
126.6004,77
126.4786,77
126.3569,78
126.2351,78
126.1134,78
125.9917,78
125.8699,78
125.7482,79
125.6264,79
125.5047,79
125.3829,79
125.2612,80
125.1395,80
125.0177,80
124.8960,80
124.7742,81
124.6525,81
124.5307,81
124.4090,81
124.2873,82
124.1655,82
124.0438,82
123.9220,83
123.8003,83
123.6785,83
123.5568,83
123.4351,84
123.3133,84
123.1916,84
123.0698,84
122.9481,85
122.8263,85
122.7046,85
122.5829,85
122.4611,86
122.3394,86
122.2176,86
122.0959,87
121.9742,87
121.8524,87
121.7307,87
121.6089,88
121.4872,88
121.3654,88
121.2437,89
121.1220,89
121.0002,89
120.8785,90
120.7567,90
120.6350,90
120.5132,90
120.3915,91
120.2698,91
120.1480,91
120.0263,92
119.9045,92
119.7828,92
119.6610,93
119.5393,93
119.4176,93
119.2958,94
119.1741,94
119.0523,94
118.9306,95
118.8088,95
118.6871,95
118.5654,96
118.4436,96
118.3219,96
118.2001,97
118.0784,97
117.9566,97
117.8349,98
117.7132,98
117.5914,98
117.4697,99
117.3479,99
117.2262,99
117.1045,100
116.9827,100
116.8610,100
116.7392,101
116.6175,101
116.4957,101
116.3740,102
116.2523,102
116.1305,103
116.0088,103
115.8870,103
115.7653,104
115.6435,104
115.5218,104
115.4001,105
115.2783,105
115.1566,106
115.0348,106
114.9131,106
114.7913,107
114.6696,107
114.5479,108
114.4261,108
114.3044,108
114.1826,109
114.0609,109
113.9391,110
113.8174,110
113.6957,111
113.5739,111
113.4522,111
113.3304,112
113.2087,112
113.0869,113
112.9652,113
112.8435,114
112.7217,114
112.6000,114
112.4782,115
112.3565,115
112.2347,116
112.1130,116
111.9913,117
111.8695,117
111.7478,118
111.6260,118
111.5043,119
111.3826,119
111.2608,120
111.1391,120
111.0173,120
110.8956,121
110.7738,121
110.6521,122
110.5304,122
110.4086,123
110.2869,123
110.1651,124
110.0434,124
109.9216,125
109.7999,125
109.6782,126
109.5564,127
109.4347,127
109.3129,128
109.1912,128
109.0694,129
108.9477,129
108.8260,130
108.7042,130
108.5825,131
108.4607,131
108.3390,132
108.2172,133
108.0955,133
107.9738,134
107.8520,134
107.7303,135
107.6085,135
107.4868,136
107.3650,137
107.2433,137
107.1216,138
106.9998,138
106.8781,139
106.7563,140
106.6346,140
106.5129,141
106.3911,142
106.2694,142
106.1476,143
106.0259,144
105.9041,144
105.7824,145
105.6607,145
105.5389,146
105.4172,147
105.2954,147
105.1737,148
105.0519,149
104.9302,150
104.8085,150
104.6867,151
104.5650,152
104.4432,152
104.3215,153
104.1997,154
104.0780,155
103.9563,155
103.8345,156
103.7128,157
103.5910,158
103.4693,158
103.3475,159
103.2258,160
103.1041,161
102.9823,161
102.8606,162
102.7388,163
102.6171,164
102.4953,165
102.3736,165
102.2519,166
102.1301,167
102.0084,168
101.8866,169
101.7649,170
101.6432,171
101.5214,171
101.3997,172
101.2779,173
101.1562,174
101.0344,175
100.9127,176
100.7910,177
100.6692,178
100.5475,179
100.4257,180
100.3040,181
100.1822,182
100.0605,183
99.9388,184
99.8170,184
99.6953,185
99.5735,186
99.4518,188
99.3300,189
99.2083,190
99.0866,191
98.9648,192
98.8431,193
98.7213,194
98.5996,195
98.4778,196
98.3561,197
98.2344,198
98.1126,199
97.9909,201
97.8691,202
97.7474,203
97.6256,204
97.5039,205
97.3822,206
97.2604,208
97.1387,209
97.0169,210
96.8952,211
96.7735,213
96.6517,214
96.5300,215
96.4082,216
96.2865,218
96.1647,219
96.0430,220
95.9213,222
95.7995,223
95.6778,225
95.5560,226
95.4343,227
95.3125,229
95.1908,230
95.0691,232
94.9473,233
94.8256,235
94.7038,236
94.5821,238
94.4603,239
94.3386,241
94.2169,242
94.0951,244
93.9734,246
93.8516,247
93.7299,249
93.6081,251
93.4864,252
93.3647,254
93.2429,256
93.1212,258
92.9994,259
92.8777,261
92.7559,263
92.6342,265
92.5125,267
92.3907,269
92.2690,271
92.1472,273
92.0255,275
91.9038,277
91.7820,279
91.6603,281
91.5385,283
91.4168,285
91.2950,287
91.1733,289
91.0516,291
90.9298,294
90.8081,296
90.6863,298
90.5646,300
90.4428,303
90.3211,305
90.1994,308
90.0776,310
89.9559,313
89.8341,315
89.7124,318
89.5906,320
89.4689,323
89.3472,326
89.2254,328
89.1037,331
88.9819,334
88.8602,337
88.7384,340
88.6167,343
88.4950,346
88.3732,349
88.2515,352
88.1297,355
88.0080,358
87.8862,361
87.7645,365
87.6428,368
87.5210,371
87.3993,375
87.2775,378
87.1558,382
87.0340,386
86.9123,389
86.7906,393
86.6688,397
86.5471,401
86.4253,405
86.3036,409
86.1819,413
86.0601,418
85.9384,422
85.8166,427
85.6949,431
85.5731,436
85.4514,440
85.3297,445
85.2079,450
85.0862,455
84.9644,460
84.8427,466
84.7209,471
84.5992,477
84.4775,482
84.3557,488
84.2340,494
84.1122,500
83.9905,506
83.8687,513
83.7470,519
83.6253,526
83.5035,533
83.3818,540
83.2600,547
83.1383,555
83.0165,562
82.8948,570
82.7731,578
82.6513,586
82.5296,595
82.4078,604
82.2861,613
82.1643,622
82.0426,632
81.9209,642
81.7991,652
81.6774,662
81.5556,673
81.4339,684
81.3122,696
81.1904,708
81.0687,720
80.9469,733
80.8252,746
80.7034,759
80.5817,773
80.4600,788
80.3382,803
80.2165,818
80.0947,834
79.9730,850
79.8512,868
79.7295,885
79.6078,904
79.4860,923
79.3643,942
79.2425,963
79.1208,984
78.9990,1005
78.8773,1028
78.7556,1052
78.6338,1076
78.5121,1101
78.3903,1127
78.2686,1154
78.1468,1182
78.0251,1211
77.9034,1241
77.7816,1273
77.6599,1305
77.5381,1339
77.4164,1373
77.2946,1410
77.1729,1447
77.0512,1486
76.9294,1526
76.8077,1567
76.6859,1611
76.5642,1655
76.4425,1701
76.3207,1749
76.1990,1799
76.0772,1850
75.9555,1904
75.8337,1959
75.7120,2015
75.5903,2074
75.4685,2135
75.3468,2198
75.2250,2264
75.1033,2331
74.9815,2400
74.8598,2472
74.7381,2547
74.6163,2623
74.4946,2702
74.3728,2784
74.2511,2868
74.1293,2955
74.0076,3045
73.8859,3137
73.7641,3232
73.6424,3330
73.5206,3431
73.3989,3535
73.2771,3641
73.1554,3751
73.0337,3864
72.9119,3980
72.7902,4099
72.6684,4221
72.5467,4346
72.4249,4475
72.3032,4607
72.1815,4742
72.0597,4880
71.9380,5022
71.8162,5167
71.6945,5316
71.5728,5468
71.4510,5623
71.3293,5781
71.2075,5943
71.0858,6108
70.9640,6276
70.8423,6448
70.7206,6623
70.5988,6801
70.4771,6982
70.3553,7167
70.2336,7354
70.1118,7545
69.9901,7738
69.8684,7934
69.7466,8133
69.6249,8335
69.5031,8539
69.3814,8746
69.2596,8956
69.1379,9167
69.0162,9381
68.8944,9597
68.7727,9815
68.6509,10035
68.5292,10257
68.4074,10480
68.2857,10704
68.1640,10930
68.0422,11157
67.9205,11384
67.7987,11613
67.6770,11842
67.5552,12071
67.4335,12301
67.3118,12531
67.1900,12760
67.0683,12989
66.9465,13217
66.8248,13445
66.7030,13672
66.5813,13897
66.4596,14121
66.3378,14343
66.2161,14564
66.0943,14782
65.9726,14998
65.8509,15211
65.7291,15422
65.6074,15630
65.4856,15834
65.3639,16035
65.2421,16232
65.1204,16425
64.9987,16614
64.8769,16799
64.7552,16979
64.6334,17155
64.5117,17325
64.3899,17490
64.2682,17650
64.1465,17805
64.0247,17953
63.9030,18096
63.7812,18232
63.6595,18362
63.5377,18486
63.4160,18603
63.2943,18713
63.1725,18817
63.0508,18913
62.9290,19002
62.8073,19084
62.6855,19159
62.5638,19226
62.4421,19285
62.3203,19337
62.1986,19381
62.0768,19418
61.9551,19446
61.8333,19467
61.7116,19480
61.5899,19485
61.4681,19482
61.3464,19471
61.2246,19452
61.1029,19426
60.9812,19391
60.8594,19349
60.7377,19299
60.6159,19242
60.4942,19177
60.3724,19105
60.2507,19025
60.1290,18938
60.0072,18843
59.8855,18742
59.7637,18634
59.6420,18519
59.5202,18397
59.3985,18269
59.2768,18135
59.1550,17994
59.0333,17848
58.9115,17695
58.7898,17538
58.6680,17374
58.5463,17206
58.4246,17033
58.3028,16855
58.1811,16672
58.0593,16485
57.9376,16294
57.8158,16099
57.6941,15900
57.5724,15698
57.4506,15492
57.3289,15284
57.2071,15073
57.0854,14859
56.9636,14643
56.8419,14424
56.7202,14204
56.5984,13982
56.4767,13759
56.3549,13535
56.2332,13309
56.1115,13083
55.9897,12856
55.8680,12629
55.7462,12401
55.6245,12174
55.5027,11947
55.3810,11720
55.2593,11494
55.1375,11268
55.0158,11044
54.8940,10820
54.7723,10598
54.6505,10377
54.5288,10158
54.4071,9940
54.2853,9725
54.1636,9511
54.0418,9299
53.9201,9090
53.7983,8883
53.6766,8679
53.5549,8476
53.4331,8277
53.3114,8080
53.1896,7887
53.0679,7696
52.9461,7508
52.8244,7323
52.7027,7141
52.5809,6962
52.4592,6786
52.3374,6614
52.2157,6445
52.0939,6279
51.9722,6116
51.8505,5957
51.7287,5801
51.6070,5648
51.4852,5499
51.3635,5353
51.2418,5211
51.1200,5071
50.9983,4936
50.8765,4803
50.7548,4674
50.6330,4548
50.5113,4425
50.3896,4306
50.2678,4189
50.1461,4076
50.0243,3966
49.9026,3859
49.7808,3755
49.6591,3654
49.5374,3556
49.4156,3461
49.2939,3369
49.1721,3279
49.0504,3193
48.9286,3109
48.8069,3027
48.6852,2949
48.5634,2873
48.4417,2799
48.3199,2728
48.1982,2659
48.0764,2592
47.9547,2528
47.8330,2466
47.7112,2406
47.5895,2348
47.4677,2292
47.3460,2238
47.2242,2187
47.1025,2137
46.9808,2089
46.8590,2042
46.7373,1998
46.6155,1955
46.4938,1913
46.3721,1874
46.2503,1835
46.1286,1799
46.0068,1763
45.8851,1729
45.7633,1697
45.6416,1666
45.5199,1636
45.3981,1607
45.2764,1579
45.1546,1553
45.0329,1527
44.9111,1503
44.7894,1480
44.6677,1457
44.5459,1436
44.4242,1416
44.3024,1396
44.1807,1377
44.0589,1359
43.9372,1342
43.8155,1326
43.6937,1310
43.5720,1296
43.4502,1281
43.3285,1268
43.2067,1255
43.0850,1243
42.9633,1231
42.8415,1220
42.7198,1209
42.5980,1199
42.4763,1190
42.3545,1181
42.2328,1172
42.1111,1164
41.9893,1157
41.8676,1149
41.7458,1143
41.6241,1136
41.5023,1130
41.3806,1125
41.2589,1120
41.1371,1115
41.0154,1110
40.8936,1106
40.7719,1102
40.6502,1098
40.5284,1095
40.4067,1092
40.2849,1089
40.1632,1087
40.0414,1085
39.9197,1083
39.7980,1081
39.6762,1080
39.5545,1079
39.4327,1078
39.3110,1077
39.1892,1077
39.0675,1077
38.9458,1077
38.8240,1077
38.7023,1077
38.5805,1078
38.4588,1079
38.3370,1080
38.2153,1081
38.0936,1083
37.9718,1084
37.8501,1086
37.7283,1088
37.6066,1090
37.4848,1093
37.3631,1095
37.2414,1098
37.1196,1101
36.9979,1104
36.8761,1107
36.7544,1111
36.6326,1114
36.5109,1118
36.3892,1122
36.2674,1126
36.1457,1131
36.0239,1135
35.9022,1140
35.7805,1145
35.6587,1150
35.5370,1155
35.4152,1161
35.2935,1166
35.1717,1172
35.0500,1178
34.9283,1184
34.8065,1190
34.6848,1197
34.5630,1203
34.4413,1210
34.3195,1217
34.1978,1225
34.0761,1232
33.9543,1240
33.8326,1248
33.7108,1256
33.5891,1264
33.4673,1272
33.3456,1281
33.2239,1290
33.1021,1299
32.9804,1308
32.8586,1317
32.7369,1327
32.6151,1337
32.4934,1347
32.3717,1358
32.2499,1368
32.1282,1379
32.0064,1390
31.8847,1401
31.7629,1413
31.6412,1425
31.5195,1437
31.3977,1449
31.2760,1462
31.1542,1475
31.0325,1488
30.9108,1501
30.7890,1515
30.6673,1529
30.5455,1544
30.4238,1558
30.3020,1573
30.1803,1589
30.0586,1604
29.9368,1620
29.8151,1636
29.6933,1653
29.5716,1670
29.4498,1687
29.3281,1705
29.2064,1723
29.0846,1742
28.9629,1761
28.8411,1780
28.7194,1800
28.5976,1820
28.4759,1841
28.3542,1862
28.2324,1883
28.1107,1905
27.9889,1928
27.8672,1951
27.7454,1974
27.6237,1998
27.5020,2023
27.3802,2048
27.2585,2074
27.1367,2100
27.0150,2127
26.8932,2154
26.7715,2182
26.6498,2211
26.5280,2241
26.4063,2271
26.2845,2302
26.1628,2333
26.0411,2365
25.9193,2398
25.7976,2432
25.6758,2467
25.5541,2503
25.4323,2539
25.3106,2576
25.1889,2615
25.0671,2654
24.9454,2694
24.8236,2735
24.7019,2777
24.5801,2821
24.4584,2865
24.3367,2911
24.2149,2957
24.0932,3005
23.9714,3055
23.8497,3105
23.7279,3157
23.6062,3211
23.4845,3266
23.3627,3322
23.2410,3380
23.1192,3439
22.9975,3501
22.8757,3564
22.7540,3629
22.6323,3695
22.5105,3764
22.3888,3835
22.2670,3907
22.1453,3982
22.0235,4059
21.9018,4139
21.7801,4221
21.6583,4306
21.5366,4393
21.4148,4483
21.2931,4576
21.1713,4672
21.0496,4771
20.9279,4873
20.8061,4979
20.6844,5088
20.5626,5201
20.4409,5318
20.3192,5439
20.1974,5565
20.0757,5694
19.9539,5829
19.8322,5968
19.7104,6112
19.5887,6262
19.4670,6418
19.3452,6579
19.2235,6746
19.1017,6920
18.9800,7101
18.8582,7289
18.7365,7485
18.6148,7689
18.4930,7901
18.3713,8122
18.2495,8352
18.1278,8592
18.0060,8843
17.8843,9105
17.7626,9378
17.6408,9664
17.5191,9963
17.3973,10276
17.2756,10603
17.1538,10946
17.0321,11306
16.9104,11683
16.7886,12079
16.6669,12495
16.5451,12932
16.4234,13392
16.3016,13876
16.1799,14385
16.0582,14922
15.9364,15488
15.8147,16085
15.6929,16716
15.5712,17383
15.4495,18087
15.3277,18833
15.2060,19622
15.0842,20458
14.9625,21344
14.8407,22283
14.7190,23279
14.5973,24336
14.4755,25459
14.3538,26650
14.2320,27914
14.1103,29257
13.9885,30682
13.8668,32195
13.7451,33799
13.6233,35498
13.5016,37298
13.3798,39202
13.2581,41211
13.1363,43330
13.0146,45558
12.8929,47896
12.7711,50343
12.6494,52894
12.5276,55545
12.4059,58287
12.2841,61111
12.1624,64004
12.0407,66950
11.9189,69930
11.7972,72922
11.6754,75902
11.5537,78843
11.4319,81716
11.3102,84489
11.1885,87131
11.0667,89607
10.9450,91886
10.8232,93935
10.7015,95726
10.5798,97232
10.4580,98428
10.3363,99296
10.2145,99823
10.0928,100000
9.9710,99823
9.8493,99295
9.7276,98426
9.6058,97229
9.4841,95723
9.3623,93932
9.2406,91881
9.1188,89602
8.9971,87125
8.8754,84483
8.7536,81709
8.6319,78836
8.5101,75894
8.3884,72913
8.2666,69920
8.1449,66940
8.0232,63994
7.9014,61100
7.7797,58275
7.6579,55532
7.5362,52881
7.4144,50329
7.2927,47882
7.1710,45543
7.0492,43314
6.9275,41195
6.8057,39185
6.6840,37281
6.5622,35480
6.4405,33780
6.3188,32175
6.1970,30662
6.0753,29236
5.9535,27893
5.8318,26628
5.7101,25436
5.5883,24313
5.4666,23255
5.3448,22258
5.2231,21318
5.1013,20432
4.9796,19595
4.8579,18806
4.7361,18059
4.6144,17354
4.4926,16687
4.3709,16055
4.2491,15457
4.1274,14890
4.0057,14353
3.8839,13843
3.7622,13358
3.6404,12898
3.5187,12460
3.3969,12043
3.2752,11647
3.1535,11269
3.0317,10908
2.9100,10565
2.7882,10236
2.6665,9923
2.5447,9623
2.4230,9337
2.3013,9063
2.1795,8800
2.0578,8549
1.9360,8308
1.8143,8077
1.6925,7855
1.5708,7642
1.4491,7438
1.3273,7241
1.2056,7052
1.0838,6870
0.9621,6696
0.8404,6527
0.7186,6365
0.5969,6209
0.4751,6058
0.3534,5913
0.2316,5773
0.1099,5638
-0.0118,5507
-0.1336,5381
-0.2553,5259
-0.3771,5141
-0.4988,5027
-0.6206,4917
-0.7423,4810
-0.8640,4707
-0.9858,4606
-1.1075,4509
-1.2293,4415
-1.3510,4324
-1.4728,4236
-1.5945,4150
-1.7162,4067
-1.8380,3986
-1.9597,3908
-2.0815,3832
-2.2032,3758
-2.3250,3686
-2.4467,3616
-2.5684,3548
-2.6902,3481
-2.8119,3417
-2.9337,3354
-3.0554,3294
-3.1772,3234
-3.2989,3177
-3.4206,3120
-3.5424,3066
-3.6641,3012
-3.7859,2961
-3.9076,2910
-4.0294,2861
-4.1511,2813
-4.2728,2766
-4.3946,2721
-4.5163,2677
-4.6381,2634
-4.7598,2591
-4.8815,2550
-5.0033,2511
-5.1250,2472
-5.2468,2433
-5.3685,2396
-5.4903,2360
-5.6120,2325
-5.7337,2290
-5.8555,2256
-5.9772,2223
-6.0990,2191
-6.2207,2159
-6.3425,2128
-6.4642,2098
-6.5859,2069
-6.7077,2040
-6.8294,2011
-6.9512,1983
-7.0729,1956
-7.1947,1929
-7.3164,1903
-7.4381,1878
-7.5599,1852
-7.6816,1828
-7.8034,1804
-7.9251,1780
-8.0469,1757
-8.1686,1734
-8.2903,1712
-8.4121,1690
-8.5338,1668
-8.6556,1647
-8.7773,1626
-8.8991,1606
-9.0208,1586
-9.1425,1567
-9.2643,1547
-9.3860,1528
-9.5078,1510
-9.6295,1492
-9.7512,1474
-9.8730,1456
-9.9947,1439
-10.1165,1422
-10.2382,1406
-10.3600,1389
-10.4817,1373
-10.6034,1357
-10.7252,1342
-10.8469,1327
-10.9687,1312
-11.0904,1297
-11.2122,1282
-11.3339,1268
-11.4556,1254
-11.5774,1240
-11.6991,1227
-11.8209,1214
-11.9426,1200
-12.0644,1188
-12.1861,1175
-12.3078,1162
-12.4296,1150
-12.5513,1138
-12.6731,1126
-12.7948,1114
-12.9166,1103
-13.0383,1092
-13.1600,1080
-13.2818,1069
-13.4035,1059
-13.5253,1048
-13.6470,1037
-13.7688,1027
-13.8905,1017
-14.0122,1007
-14.1340,997
-14.2557,987
-14.3775,977
-14.4992,968
-14.6209,959
-14.7427,950
-14.8644,940
-14.9862,932
-15.1079,923
-15.2297,914
-15.3514,905
-15.4731,897
-15.5949,889
-15.7166,881
-15.8384,872
-15.9601,864
-16.0819,857
-16.2036,849
-16.3253,841
-16.4471,834
-16.5688,826
-16.6906,819
-16.8123,812
-16.9341,804
-17.0558,797
-17.1775,790
-17.2993,784
-17.4210,777
-17.5428,770
-17.6645,763
-17.7863,757
-17.9080,750
-18.0297,744
-18.1515,738
-18.2732,732
-18.3950,726
-18.5167,719
-18.6385,714
-18.7602,708
-18.8819,702
-19.0037,696
-19.1254,690
-19.2472,685
-19.3689,679
-19.4906,674
-19.6124,668
-19.7341,663
-19.8559,658
-19.9776,653
-20.0994,647
-20.2211,642
-20.3428,637
-20.4646,632
-20.5863,627
-20.7081,623
-20.8298,618
-20.9516,613
-21.0733,608
-21.1950,604
-21.3168,599
-21.4385,595
-21.5603,590
-21.6820,586
-21.8038,581
-21.9255,577
-22.0472,573
-22.1690,569
-22.2907,564
-22.4125,560
-22.5342,556
-22.6560,552
-22.7777,548
-22.8994,544
-23.0212,540
-23.1429,536
-23.2647,532
-23.3864,529
-23.5082,525
-23.6299,521
-23.7516,518
-23.8734,514
-23.9951,510
-24.1169,507
-24.2386,503
-24.3604,500
-24.4821,496
-24.6038,493
-24.7256,490
-24.8473,486
-24.9691,483
-25.0908,480
-25.2125,476
-25.3343,473
-25.4560,470
-25.5778,467
-25.6995,464
-25.8213,461
-25.9430,458
-26.0647,455
-26.1865,452
-26.3082,449
-26.4300,446
-26.5517,443
-26.6735,440
-26.7952,437
-26.9169,434
-27.0387,432
-27.1604,429
-27.2822,426
-27.4039,423
-27.5257,421
-27.6474,418
-27.7691,415
-27.8909,413
-28.0126,410
-28.1344,408
-28.2561,405
-28.3779,403
-28.4996,400
-28.6213,398
-28.7431,395
-28.8648,393
-28.9866,391
-29.1083,388
-29.2301,386
-29.3518,383
-29.4735,381
-29.5953,379
-29.7170,377
-29.8388,374
-29.9605,372
-30.0822,370
-30.2040,368
-30.3257,366
-30.4475,363
-30.5692,361
-30.6910,359
-30.8127,357
-30.9344,355
-31.0562,353
-31.1779,351
-31.2997,349
-31.4214,347
-31.5432,345
-31.6649,343
-31.7866,341
-31.9084,339
-32.0301,337
-32.1519,335
-32.2736,333
-32.3954,332
-32.5171,330
-32.6388,328
-32.7606,326
-32.8823,324
-33.0041,323
-33.1258,321
-33.2476,319
-33.3693,317
-33.4910,316
-33.6128,314
-33.7345,312
-33.8563,311
-33.9780,309
-34.0998,307
-34.2215,306
-34.3432,304
-34.4650,302
-34.5867,301
-34.7085,299
-34.8302,298
-34.9519,296
-35.0737,295
-35.1954,293
-35.3172,291
-35.4389,290
-35.5607,289
-35.6824,287
-35.8041,286
-35.9259,284
-36.0476,283
-36.1694,281
-36.2911,280
-36.4129,278
-36.5346,277
-36.6563,276
-36.7781,274
-36.8998,273
-37.0216,272
-37.1433,270
-37.2651,269
-37.3868,268
-37.5085,266
-37.6303,265
-37.7520,264
-37.8738,263
-37.9955,261
-38.1173,260
-38.2390,259
-38.3607,258
-38.4825,256
-38.6042,255
-38.7260,254
-38.8477,253
-38.9695,252
-39.0912,251
-39.2129,249
-39.3347,248
-39.4564,247
-39.5782,246
-39.6999,245
-39.8216,244
-39.9434,243
-40.0651,242
-40.1869,241
-40.3086,240
-40.4304,239
-40.5521,238
-40.6738,237
-40.7956,236
-40.9173,235
-41.0391,234
-41.1608,233
-41.2826,232
-41.4043,231
-41.5260,230
-41.6478,229
-41.7695,228
-41.8913,227
-42.0130,226
-42.1348,225
-42.2565,224
-42.3782,223
-42.5000,222
-42.6217,221
-42.7435,221
-42.8652,220
-42.9870,219
-43.1087,218
-43.2304,217
-43.3522,216
-43.4739,215
-43.5957,215
-43.7174,214
-43.8392,213
-43.9609,212
-44.0826,211
-44.2044,211
-44.3261,210
-44.4479,209
-44.5696,208
-44.6913,207
-44.8131,206
-44.9348,206
-45.0566,205
-45.1783,204
-45.3001,203
-45.4218,203
-45.5435,202
-45.6653,201
-45.7870,200
-45.9088,199
-46.0305,199
-46.1523,198
-46.2740,197
-46.3957,196
-46.5175,195
-46.6392,195
-46.7610,194
-46.8827,193
-47.0045,192
-47.1262,192
-47.2479,191
-47.3697,190
-47.4914,189
-47.6132,188
-47.7349,187
-47.8567,187
-47.9784,186
-48.1001,185
-48.2219,184
-48.3436,183
-48.4654,183
-48.5871,182
-48.7089,181
-48.8306,180
-48.9523,179
-49.0741,178
-49.1958,178
-49.3176,177
-49.4393,176
-49.5611,175
-49.6828,174
-49.8045,173
-49.9263,172
-50.0480,172
-50.1698,171
-50.2915,170
-50.4132,169
-50.5350,168
-50.6567,167
-50.7785,166
-50.9002,166
-51.0220,165
-51.1437,164
-51.2654,163
-51.3872,162
-51.5089,161
-51.6307,160
-51.7524,160
-51.8742,159
-51.9959,158
-52.1176,157
-52.2394,156
-52.3611,155
-52.4829,154
-52.6046,154
-52.7264,153
-52.8481,152
-52.9698,151
-53.0916,150
-53.2133,150
-53.3351,149
-53.4568,148
-53.5786,147
-53.7003,147
-53.8220,146
-53.9438,145
-54.0655,145
-54.1873,144
-54.3090,143
-54.4308,142
-54.5525,142
-54.6742,141
-54.7960,141
-54.9177,140
-55.0395,139
-55.1612,139
-55.2829,138
-55.4047,138
-55.5264,137
-55.6482,137
-55.7699,136
-55.8917,136
-56.0134,135
-56.1351,135
-56.2569,134
-56.3786,134
-56.5004,133
-56.6221,133
-56.7439,132
-56.8656,132
-56.9873,132
-57.1091,131
-57.2308,131
-57.3526,131
-57.4743,130
-57.5961,130
-57.7178,130
-57.8395,129
-57.9613,129
-58.0830,129
-58.2048,128
-58.3265,128
-58.4483,128
-58.5700,128
-58.6917,127
-58.8135,127
-58.9352,127
-59.0570,127
-59.1787,127
-59.3005,126
-59.4222,126
-59.5439,126
-59.6657,126
-59.7874,125
-59.9092,125
-60.0309,125
-60.1526,125
-60.2744,125
-60.3961,125
-60.5179,124
-60.6396,124
-60.7614,124
-60.8831,124
-61.0048,124
-61.1266,123
-61.2483,123
-61.3701,123
-61.4918,123
-61.6136,123
-61.7353,122
-61.8570,122
-61.9788,122
-62.1005,122
-62.2223,121
-62.3440,121
-62.4658,121
-62.5875,121
-62.7092,120
-62.8310,120
-62.9527,120
-63.0745,120
-63.1962,119
-63.3180,119
-63.4397,119
-63.5614,119
-63.6832,118
-63.8049,118
-63.9267,118
-64.0484,117
-64.1702,117
-64.2919,117
-64.4136,116
-64.5354,116
-64.6571,116
-64.7789,115
-64.9006,115
-65.0223,115
-65.1441,114
-65.2658,114
-65.3876,114
-65.5093,113
-65.6311,113
-65.7528,112
-65.8745,112
-65.9963,112
-66.1180,111
-66.2398,111
-66.3615,110
-66.4833,110
-66.6050,110
-66.7267,109
-66.8485,109
-66.9702,108
-67.0920,108
-67.2137,108
-67.3355,107
-67.4572,107
-67.5789,106
-67.7007,106
-67.8224,106
-67.9442,105
-68.0659,105
-68.1877,104
-68.3094,104
-68.4311,104
-68.5529,103
-68.6746,103
-68.7964,102
-68.9181,102
-69.0399,102
-69.1616,101
-69.2833,101
-69.4051,100
-69.5268,100
-69.6486,100
-69.7703,99
-69.8921,99
-70.0138,98
-70.1355,98
-70.2573,98
-70.3790,97
-70.5008,97
-70.6225,96
-70.7442,96
-70.8660,96
-70.9877,95
-71.1095,95
-71.2312,95
-71.3530,94
-71.4747,94
-71.5964,94
-71.7182,93
-71.8399,93
-71.9617,93
-72.0834,92
-72.2052,92
-72.3269,92
-72.4486,91
-72.5704,91
-72.6921,91
-72.8139,90
-72.9356,90
-73.0574,90
-73.1791,89
-73.3008,89
-73.4226,89
-73.5443,88
-73.6661,88
-73.7878,88
-73.9096,87
-74.0313,87
-74.1530,87
-74.2748,87
-74.3965,86
-74.5183,86
-74.6400,86
-74.7618,85
-74.8835,85
-75.0052,85
-75.1270,85
-75.2487,84
-75.3705,84
-75.4922,84
-75.6139,84
-75.7357,83
-75.8574,83
-75.9792,83
-76.1009,82
-76.2227,82
-76.3444,82
-76.4661,82
-76.5879,81
-76.7096,81
-76.8314,81
-76.9531,81
-77.0749,80
-77.1966,80
-77.3183,80
-77.4401,80
-77.5618,80
-77.6836,79
-77.8053,79
-77.9271,79
-78.0488,79
-78.1705,78
-78.2923,78
-78.4140,78
-78.5358,78
-78.6575,77
-78.7793,77
-78.9010,77
-79.0227,77
-79.1445,77
-79.2662,76
-79.3880,76
-79.5097,76
-79.6315,76
-79.7532,75
-79.8749,75
-79.9967,75
-80.1184,75
-80.2402,75
-80.3619,74
-80.4836,74
-80.6054,74
-80.7271,74
-80.8489,74
-80.9706,73
-81.0924,73
-81.2141,73
-81.3358,73
-81.4576,73
-81.5793,72
-81.7011,72
-81.8228,72
-81.9446,72
-82.0663,72
-82.1880,71
-82.3098,71
-82.4315,71
-82.5533,71
-82.6750,71
-82.7968,70
-82.9185,70
-83.0402,70
-83.1620,70
-83.2837,70
-83.4055,69
-83.5272,69
-83.6490,69
-83.7707,69
-83.8924,69
-84.0142,69
-84.1359,68
-84.2577,68
-84.3794,68
-84.5012,68
-84.6229,68
-84.7446,67
-84.8664,67
-84.9881,67
-85.1099,67
-85.2316,67
-85.3533,67
-85.4751,66
-85.5968,66
-85.7186,66
-85.8403,66
-85.9621,66
-86.0838,66
-86.2055,65
-86.3273,65
-86.4490,65
-86.5708,65
-86.6925,65
-86.8143,64
-86.9360,64
-87.0577,64
-87.1795,64
-87.3012,64
-87.4230,64
-87.5447,64
-87.6665,63
-87.7882,63
-87.9099,63
-88.0317,63
-88.1534,63
-88.2752,63
-88.3969,62
-88.5187,62
-88.6404,62
-88.7621,62
-88.8839,62
-89.0056,62
-89.1274,61
-89.2491,61
-89.3709,61
-89.4926,61
-89.6143,61
-89.7361,61
-89.8578,61
-89.9796,60
-90.1013,60
-90.2230,60
-90.3448,60
-90.4665,60
-90.5883,60
-90.7100,59
-90.8318,59
-90.9535,59
-91.0752,59
-91.1970,59
-91.3187,59
-91.4405,59
-91.5622,58
-91.6840,58
-91.8057,58
-91.9274,58
-92.0492,58
-92.1709,58
-92.2927,58
-92.4144,57
-92.5362,57
-92.6579,57
-92.7796,57
-92.9014,57
-93.0231,57
-93.1449,57
-93.2666,57
-93.3884,56
-93.5101,56
-93.6318,56
-93.7536,56
-93.8753,56
-93.9971,56
-94.1188,56
-94.2406,55
-94.3623,55
-94.4840,55
-94.6058,55
-94.7275,55
-94.8493,55
-94.9710,55
-95.0928,55
-95.2145,54
-95.3362,54
-95.4580,54
-95.5797,54
-95.7015,54
-95.8232,54
-95.9449,54
-96.0667,54
-96.1884,53
-96.3102,53
-96.4319,53
-96.5537,53
-96.6754,53
-96.7971,53
-96.9189,53
-97.0406,53
-97.1624,52
-97.2841,52
-97.4059,52
-97.5276,52
-97.6493,52
-97.7711,52
-97.8928,52
-98.0146,52
-98.1363,51
-98.2581,51
-98.3798,51
-98.5015,51
-98.6233,51
-98.7450,51
-98.8668,51
-98.9885,51
-99.1103,51
-99.2320,50
-99.3537,50
-99.4755,50
-99.5972,50
-99.7190,50
-99.8407,50
-99.9625,50
-100.0842,50
-100.2059,49
-100.3277,49
-100.4494,49
-100.5712,49
-100.6929,49
-100.8146,49
-100.9364,49
-101.0581,49
-101.1799,49
-101.3016,49
-101.4234,48
-101.5451,48
-101.6668,48
-101.7886,48
-101.9103,48
-102.0321,48
-102.1538,48
-102.2756,48
-102.3973,48
-102.5190,47
-102.6408,47
-102.7625,47
-102.8843,47
-103.0060,47
-103.1278,47
-103.2495,47
-103.3712,47
-103.4930,47
-103.6147,47
-103.7365,46
-103.8582,46
-103.9800,46
-104.1017,46
-104.2234,46
-104.3452,46
-104.4669,46
-104.5887,46
-104.7104,46
-104.8322,46
-104.9539,45
-105.0756,45
-105.1974,45
-105.3191,45
-105.4409,45
-105.5626,45
-105.6843,45
-105.8061,45
-105.9278,45
-106.0496,45
-106.1713,44
-106.2931,44
-106.4148,44
-106.5365,44
-106.6583,44
-106.7800,44
-106.9018,44
-107.0235,44
-107.1453,44
-107.2670,44
-107.3887,44
-107.5105,43
-107.6322,43
-107.7540,43
-107.8757,43
-107.9975,43
-108.1192,43
-108.2409,43
-108.3627,43
-108.4844,43
-108.6062,43
-108.7279,43
-108.8497,42
-108.9714,42
-109.0931,42
-109.2149,42
-109.3366,42
-109.4584,42
-109.5801,42
-109.7019,42
-109.8236,42
-109.9453,42
-110.0671,42
-110.1888,41
-110.3106,41
-110.4323,41
-110.5540,41
-110.6758,41
-110.7975,41
-110.9193,41
-111.0410,41
-111.1628,41
-111.2845,41
-111.4062,41
-111.5280,41
-111.6497,40
-111.7715,40
-111.8932,40
-112.0150,40
-112.1367,40
-112.2584,40
-112.3802,40
-112.5019,40
-112.6237,40
-112.7454,40
-112.8672,40
-112.9889,40
-113.1106,40
-113.2324,39
-113.3541,39
-113.4759,39
-113.5976,39
-113.7194,39
-113.8411,39
-113.9628,39
-114.0846,39
-114.2063,39
-114.3281,39
-114.4498,39
-114.5716,39
-114.6933,38
-114.8150,38
-114.9368,38
-115.0585,38
-115.1803,38
-115.3020,38
-115.4238,38
-115.5455,38
-115.6672,38
-115.7890,38
-115.9107,38
-116.0325,38
-116.1542,38
-116.2759,38
-116.3977,37
-116.5194,37
-116.6412,37
-116.7629,37
-116.8847,37
-117.0064,37
-117.1281,37
-117.2499,37
-117.3716,37
-117.4934,37
-117.6151,37
-117.7369,37
-117.8586,37
-117.9803,37
-118.1021,36
-118.2238,36
-118.3456,36
-118.4673,36
-118.5891,36
-118.7108,36
-118.8325,36
-118.9543,36
-119.0760,36
-119.1978,36
-119.3195,36
-119.4413,36
-119.5630,36
-119.6847,36
-119.8065,35
-119.9282,35
-120.0500,35
-120.1717,35
-120.2935,35
-120.4152,35
-120.5369,35
-120.6587,35
-120.7804,35
-120.9022,35
-121.0239,35
-121.1456,35
-121.2674,35
-121.3891,35
-121.5109,35
-121.6326,35
-121.7544,34
-121.8761,34
-121.9978,34
-122.1196,34
-122.2413,34
-122.3631,34
-122.4848,34
-122.6066,34
-122.7283,34
-122.8500,34
-122.9718,34
-123.0935,34
-123.2153,34
-123.3370,34
-123.4588,34
-123.5805,34
-123.7022,33
-123.8240,33
-123.9457,33
-124.0675,33
-124.1892,33
-124.3110,33
-124.4327,33
-124.5544,33
-124.6762,33
-124.7979,33
-124.9197,33
-125.0414,33
-125.1632,33
-125.2849,33
-125.4066,33
-125.5284,33
-125.6501,32
-125.7719,32
-125.8936,32
-126.0153,32
-126.1371,32
-126.2588,32
-126.3806,32
-126.5023,32
-126.6241,32
-126.7458,32
-126.8675,32
-126.9893,32
-127.1110,32
-127.2328,32
-127.3545,32
-127.4763,32
-127.5980,32
-127.7197,32
-127.8415,31
-127.9632,31
-128.0850,31
-128.2067,31
-128.3285,31
-128.4502,31
-128.5719,31
-128.6937,31
-128.8154,31
-128.9372,31
-129.0589,31
-129.1807,31
-129.3024,31
-129.4241,31
-129.5459,31
-129.6676,31
-129.7894,31
-129.9111,31
-130.0329,30
-130.1546,30
-130.2763,30
-130.3981,30
-130.5198,30
-130.6416,30
-130.7633,30
-130.8850,30
-131.0068,30
-131.1285,30
-131.2503,30
-131.3720,30
-131.4938,30
-131.6155,30
-131.7372,30
-131.8590,30
-131.9807,30
-132.1025,30
-132.2242,30
-132.3460,30
-132.4677,29
-132.5894,29
-132.7112,29
-132.8329,29
-132.9547,29
-133.0764,29
-133.1982,29
-133.3199,29
-133.4416,29
-133.5634,29
-133.6851,29
-133.8069,29
-133.9286,29
-134.0504,29
-134.1721,29
-134.2938,29
-134.4156,29
-134.5373,29
-134.6591,29
-134.7808,29
-134.9026,29
-135.0243,28
-135.1460,28
-135.2678,28
-135.3895,28
-135.5113,28
-135.6330,28
-135.7547,28
-135.8765,28
-135.9982,28
-136.1200,28
-136.2417,28
-136.3635,28
-136.4852,28
-136.6069,28
-136.7287,28
-136.8504,28
-136.9722,28
-137.0939,28
-137.2157,28
-137.3374,28
-137.4591,28
-137.5809,27
-137.7026,27
-137.8244,27
-137.9461,27
-138.0679,27
-138.1896,27
-138.3113,27
-138.4331,27
-138.5548,27
-138.6766,27
-138.7983,27
-138.9201,27
-139.0418,27
-139.1635,27
-139.2853,27
-139.4070,27
-139.5288,27
-139.6505,27
-139.7723,27
-139.8940,27
-140.0157,27
-140.1375,27
-140.2592,27
-140.3810,27
-140.5027,26
-140.6245,26
-140.7462,26
-140.8679,26
-140.9897,26
-141.1114,26
-141.2332,26
-141.3549,26
-141.4766,26
-141.5984,26
-141.7201,26
-141.8419,26
-141.9636,26
-142.0854,26
-142.2071,26
-142.3288,26
-142.4506,26
-142.5723,26
-142.6941,26
-142.8158,26
-142.9376,26
-143.0593,26
-143.1810,26
-143.3028,26
-143.4245,26
-143.5463,25
-143.6680,25
-143.7898,25
-143.9115,25
-144.0332,25
-144.1550,25
-144.2767,25
-144.3985,25
-144.5202,25
-144.6420,25
-144.7637,25
-144.8854,25
-145.0072,25
-145.1289,25
-145.2507,25
-145.3724,25
-145.4942,25
-145.6159,25
-145.7376,25
-145.8594,25
-145.9811,25
-146.1029,25
-146.2246,25
-146.3463,25
-146.4681,25
-146.5898,25
-146.7116,25
-146.8333,24
-146.9551,24
-147.0768,24
-147.1985,24
-147.3203,24
-147.4420,24
-147.5638,24
-147.6855,24
-147.8073,24
-147.9290,24
-148.0507,24
-148.1725,24
-148.2942,24
-148.4160,24
-148.5377,24
-148.6595,24
-148.7812,24
-148.9029,24
-149.0247,24
-149.1464,24
-149.2682,24
-149.3899,24
-149.5117,24
-149.6334,24
-149.7551,24
-149.8769,24
-149.9986,24
-150.1204,24
-150.2421,24
-150.3639,23
-150.4856,23
-150.6073,23
-150.7291,23
-150.8508,23
-150.9726,23
-151.0943,23
-151.2160,23
-151.3378,23
-151.4595,23
-151.5813,23
-151.7030,23
-151.8248,23
-151.9465,23
-152.0682,23
-152.1900,23
-152.3117,23
-152.4335,23
-152.5552,23
-152.6770,23
-152.7987,23
-152.9204,23
-153.0422,23
-153.1639,23
-153.2857,23
-153.4074,23
-153.5292,23
-153.6509,23
-153.7726,23
-153.8944,23
-154.0161,23
-154.1379,22
-154.2596,22
-154.3814,22
-154.5031,22
-154.6248,22
-154.7466,22
-154.8683,22
-154.9901,22
-155.1118,22
-155.2336,22
-155.3553,22
-155.4770,22
-155.5988,22
-155.7205,22
-155.8423,22
-155.9640,22
-156.0857,22
-156.2075,22
-156.3292,22
-156.4510,22
-156.5727,22
-156.6945,22
-156.8162,22
-156.9379,22
-157.0597,22
-157.1814,22
-157.3032,22
-157.4249,22
-157.5467,22
-157.6684,22
-157.7901,22
-157.9119,22
-158.0336,22
-158.1554,22
-158.2771,21
-158.3989,21
-158.5206,21
-158.6423,21
-158.7641,21
-158.8858,21
-159.0076,21
-159.1293,21
-159.2511,21
-159.3728,21
-159.4945,21
-159.6163,21
-159.7380,21
-159.8598,21
-159.9815,21
-160.1033,21
-160.2250,21
-160.3467,21
-160.4685,21
-160.5902,21
-160.7120,21
-160.8337,21
-160.9555,21
-161.0772,21
-161.1989,21
-161.3207,21
-161.4424,21
-161.5642,21
-161.6859,21
-161.8076,21
-161.9294,21
-162.0511,21
-162.1729,21
-162.2946,21
-162.4164,21
-162.5381,21
-162.6598,21
-162.7816,21
-162.9033,21
-163.0251,20
-163.1468,20
-163.2686,20
-163.3903,20
-163.5120,20
-163.6338,20
-163.7555,20
-163.8773,20
-163.9990,20
-164.1208,20
-164.2425,20
-164.3642,20
-164.4860,20
-164.6077,20
-164.7295,20
-164.8512,20
-164.9730,20
-165.0947,20
-165.2164,20
-165.3382,20
-165.4599,20
-165.5817,20
-165.7034,20
-165.8252,20
-165.9469,20
-166.0686,20
-166.1904,20
-166.3121,20
-166.4339,20
-166.5556,20
-166.6773,20
-166.7991,20
-166.9208,20
-167.0426,20
-167.1643,20
-167.2861,20
-167.4078,20
-167.5295,20
-167.6513,20
-167.7730,20
-167.8948,20
-168.0165,20
-168.1383,19
-168.2600,19
-168.3817,19
-168.5035,19
-168.6252,19
-168.7470,19
-168.8687,19
-168.9905,19
-169.1122,19
-169.2339,19
-169.3557,19
-169.4774,19
-169.5992,19
-169.7209,19
-169.8427,19
-169.9644,19
-170.0861,19
-170.2079,19
-170.3296,19
-170.4514,19
-170.5731,19
-170.6949,19
-170.8166,19
-170.9383,19
-171.0601,19
-171.1818,19
-171.3036,19
-171.4253,19
-171.5470,19
-171.6688,19
-171.7905,19
-171.9123,19
-172.0340,19
-172.1558,19
-172.2775,19
-172.3992,19
-172.5210,19
-172.6427,19
-172.7645,19
-172.8862,19
-173.0080,19
-173.1297,19
-173.2514,19
-173.3732,19
-173.4949,19
-173.6167,19
-173.7384,19
-173.8602,19
-173.9819,19
-174.1036,18
-174.2254,18
-174.3471,18
-174.4689,18
-174.5906,18
-174.7124,18
-174.8341,18
-174.9558,18
-175.0776,18
-175.1993,18
-175.3211,18
-175.4428,18
-175.5646,18
-175.6863,18
-175.8080,18
-175.9298,18
-176.0515,18
-176.1733,18
-176.2950,18
-176.4167,18
-176.5385,18
-176.6602,18
-176.7820,18
-176.9037,18
-177.0255,18
-177.1472,18
-177.2689,18
-177.3907,18
-177.5124,18
-177.6342,18
-177.7559,18
-177.8777,18
-177.9994,18
-178.1211,18
-178.2429,18
-178.3646,18
-178.4864,18
-178.6081,18
-178.7299,18
-178.8516,18
-178.9733,18
-179.0951,18
-179.2168,18
-179.3386,18
-179.4603,18
-179.5821,18
-179.7038,18
-179.8255,18
-179.9473,18
-180.0690,18
-180.1908,18
-180.3125,18
-180.4343,18
-180.5560,18
-180.6777,18
-180.7995,18
-180.9212,18
-181.0430,18
-181.1647,17
-181.2864,17
-181.4082,17
-181.5299,17
-181.6517,17
-181.7734,17
-181.8952,17
-182.0169,17
-182.1386,17
-182.2604,17
-182.3821,17
-182.5039,17
-182.6256,17
-182.7474,17
-182.8691,17
-182.9908,17
-183.1126,17
-183.2343,17
-183.3561,17
-183.4778,17
-183.5996,17
-183.7213,17
-183.8430,17
-183.9648,17
-184.0865,17
-184.2083,17
-184.3300,17
-184.4518,17
-184.5735,17
-184.6952,17
-184.8170,17
-184.9387,17
-185.0605,17
-185.1822,17
-185.3040,17
-185.4257,17
-185.5474,17
-185.6692,17
-185.7909,17
-185.9127,17
-186.0344,17
-186.1562,17
-186.2779,17
-186.3996,17
-186.5214,17
-186.6431,17
-186.7649,17
-186.8866,17
-187.0083,17
-187.1301,17
-187.2518,17
-187.3736,17
-187.4953,17
-187.6171,17
-187.7388,17
-187.8605,17
-187.9823,17
-188.1040,17
-188.2258,17
-188.3475,17
-188.4693,17
-188.5910,17
-188.7127,17
-188.8345,17
-188.9562,17
-189.0780,17
-189.1997,17
-189.3215,17
-189.4432,17
-189.5649,17
-189.6867,17
-189.8084,16
-189.9302,16
-190.0519,16
-190.1737,16
-190.2954,16
-190.4171,16
-190.5389,16
-190.6606,16
-190.7824,16
-190.9041,16
-191.0259,16
-191.1476,16
-191.2693,16
-191.3911,16
-191.5128,16
-191.6346,16
-191.7563,16
-191.8780,16
-191.9998,16
-192.1215,16
-192.2433,16
-192.3650,16
-192.4868,16
-192.6085,16
-192.7302,16
-192.8520,16
-192.9737,16
-193.0955,16
-193.2172,16
-193.3390,16
-193.4607,16
-193.5824,16
-193.7042,16
-193.8259,16
-193.9477,16
-194.0694,16
-194.1912,16
-194.3129,16
-194.4346,16
-194.5564,16
-194.6781,16
-194.7999,16
-194.9216,16
-195.0434,16
-195.1651,16
-195.2868,16
-195.4086,16
-195.5303,16
-195.6521,16
-195.7738,16
-195.8956,16
-196.0173,16
-196.1390,16
-196.2608,16
-196.3825,16
-196.5043,16
-196.6260,16
-196.7477,16
-196.8695,16
-196.9912,16
-197.1130,16
-197.2347,16
-197.3565,16
-197.4782,16
-197.5999,16
-197.7217,16
-197.8434,16
-197.9652,16
-198.0869,16
-198.2087,16
-198.3304,16
-198.4521,16
-198.5739,16
-198.6956,16
-198.8174,16
-198.9391,16
-199.0609,16
-199.1826,16
-199.3043,16
-199.4261,16
-199.5478,16
-199.6696,16
-199.7913,16
-199.9131,16
-200.0348,16
-200.1565,16
-200.2783,16
-200.4000,16
-200.5218,16
-200.6435,16
-200.7653,16
-200.8870,16
-201.0087,16
-201.1305,16
-201.2522,16
-201.3740,16
-201.4957,16
-201.6174,16
-201.7392,15
-201.8609,15
-201.9827,15
-202.1044,15
-202.2262,15
-202.3479,15
-202.4696,15
-202.5914,15
-202.7131,15
-202.8349,15
-202.9566,15
-203.0784,15
-203.2001,15
-203.3218,15
-203.4436,15
-203.5653,15
-203.6871,15
-203.8088,15
-203.9306,15
-204.0523,15
-204.1740,15
-204.2958,15
-204.4175,15
-204.5393,15
-204.6610,15
-204.7828,15
-204.9045,15
-205.0262,15
-205.1480,15
-205.2697,15
-205.3915,15
-205.5132,15
-205.6350,15
-205.7567,15
-205.8784,15
-206.0002,15
-206.1219,15
-206.2437,15
-206.3654,15
-206.4871,15
-206.6089,15
-206.7306,15
-206.8524,15
-206.9741,15
-207.0959,15
-207.2176,15
-207.3393,15
-207.4611,15
-207.5828,15
-207.7046,15
-207.8263,15
-207.9481,15
-208.0698,15
-208.1915,15
-208.3133,15
-208.4350,15
-208.5568,15
-208.6785,15
-208.8003,15
-208.9220,15
-209.0437,15
-209.1655,15
-209.2872,15
-209.4090,15
-209.5307,15
-209.6525,15
-209.7742,15
-209.8959,15
-210.0177,15
-210.1394,15
-210.2612,15
-210.3829,15
-210.5047,15
-210.6264,15
-210.7481,15
-210.8699,15
-210.9916,15
-211.1134,15
-211.2351,15
-211.3569,15
-211.4786,15
-211.6003,15
-211.7221,15
-211.8438,15
-211.9656,15
-212.0873,15
-212.2090,15
-212.3308,15
-212.4525,15
-212.5743,15
-212.6960,15
-212.8178,15
-212.9395,15
-213.0612,15
-213.1830,15
-213.3047,15
-213.4265,15
-213.5482,15
-213.6700,15
-213.7917,15
-213.9134,15
-214.0352,15
-214.1569,15
-214.2787,15
-214.4004,15
-214.5222,15
-214.6439,15
-214.7656,15
-214.8874,15
-215.0091,15
-215.1309,15
-215.2526,15
-215.3744,15
-215.4961,15
-215.6178,15
-215.7396,15
-215.8613,15
-215.9831,15
-216.1048,15
-216.2266,15
-216.3483,15
-216.4700,15
-216.5918,15
-216.7135,15
-216.8353,15
-216.9570,15
-217.0787,15
-217.2005,15
-217.3222,15
-217.4440,15
-217.5657,15
-217.6875,15
-217.8092,15
-217.9309,15
-218.0527,15
-218.1744,15
-218.2962,15
-218.4179,15
-218.5397,15
-218.6614,15
-218.7831,15
-218.9049,15
-219.0266,15
-219.1484,15
-219.2701,15
-219.3919,15
-219.5136,15
-219.6353,15
-219.7571,15
-219.8788,15
-220.0006,15
-220.1223,15
-220.2441,15
-220.3658,15
-220.4875,15
-220.6093,15
-220.7310,15
-220.8528,15
-220.9745,15
-221.0963,15
-221.2180,15
-221.3397,15
-221.4615,15
-221.5832,15
-221.7050,15
-221.8267,15
-221.9484,15
-222.0702,15
-222.1919,15
-222.3137,15
-222.4354,15
-222.5572,15
-222.6789,15
-222.8006,15
-222.9224,15
-223.0441,15
-223.1659,15
-223.2876,15
-223.4094,15
-223.5311,15
-223.6528,15
-223.7746,15
-223.8963,15
-224.0181,15
-224.1398,15
-224.2616,15
-224.3833,15
-224.5050,15
-224.6268,15
-224.7485,15
-224.8703,15
-224.9920,15
-225.1138,15
-225.2355,15
-225.3572,15
-225.4790,15
-225.6007,15
-225.7225,15
-225.8442,15
-225.9660,15
-226.0877,15
-226.2094,15
-226.3312,15
-226.4529,15
-226.5747,15
-226.6964,15
-226.8181,15
-226.9399,15
-227.0616,15
-227.1834,15
-227.3051,15
-227.4269,15
-227.5486,15
-227.6703,15
-227.7921,15
-227.9138,15
-228.0356,15
-228.1573,15
-228.2791,15
-228.4008,15
-228.5225,15
-228.6443,15
-228.7660,15
-228.8878,15
-229.0095,15
-229.1313,15
-229.2530,15
-229.3747,15
-229.4965,15
-229.6182,15
-229.7400,15
-229.8617,15
-229.9835,15
-230.1052,15
-230.2269,15
-230.3487,15
-230.4704,15
-230.5922,15
-230.7139,15
-230.8357,15
-230.9574,15
-231.0791,15
-231.2009,15
-231.3226,15
-231.4444,15
-231.5661,15
-231.6879,15
-231.8096,15
-231.9313,15
-232.0531,15
-232.1748,15
-232.2966,15
-232.4183,15
-232.5400,15
-232.6618,15
-232.7835,15
-232.9053,15
-233.0270,15
-233.1488,15
-233.2705,15
-233.3922,15
-233.5140,15
-233.6357,15
-233.7575,15
-233.8792,15
-234.0010,15
-234.1227,15
-234.2444,15
-234.3662,15
-234.4879,15
-234.6097,15
-234.7314,15
-234.8532,15
-234.9749,15
-235.0966,15
-235.2184,15
-235.3401,15
-235.4619,15
-235.5836,15
-235.7054,15
-235.8271,15
-235.9488,15
-236.0706,15
-236.1923,15
-236.3141,15
-236.4358,15
-236.5576,15
-236.6793,15
-236.8010,15
-236.9228,15
-237.0445,15
-237.1663,15
-237.2880,15
-237.4097,15
-237.5315,15
-237.6532,15
-237.7750,15
-237.8967,15
-238.0185,15
-238.1402,15
-238.2619,15
-238.3837,15
-238.5054,15
-238.6272,15
-238.7489,15
-238.8707,15
-238.9924,15
-239.1141,15
-239.2359,15
-239.3576,15
-239.4794,15
-239.6011,15
-239.7229,15
-239.8446,15
-239.9663,15
-240.0881,15
-240.2098,15
-240.3316,15
-240.4533,15
-240.5751,15
-240.6968,15
-240.8185,15
-240.9403,15
-241.0620,15
-241.1838,15
-241.3055,15
-241.4273,15
-241.5490,15
-241.6707,15
-241.7925,15
-241.9142,15
-242.0360,15
-242.1577,15
-242.2794,15
-242.4012,15
-242.5229,15
-242.6447,15
-242.7664,15
-242.8882,15
-243.0099,15
-243.1316,15
-243.2534,15
-243.3751,15
-243.4969,15
-243.6186,15
-243.7404,15
-243.8621,15
-243.9838,15
-244.1056,15
-244.2273,15
-244.3491,15
-244.4708,15
-244.5926,15
-244.7143,15
-244.8360,15
-244.9578,15
-245.0795,15
-245.2013,15
-245.3230,15
-245.4448,15
-245.5665,15
-245.6882,15
-245.8100,15
-245.9317,15
-246.0535,15
-246.1752,15
-246.2970,15
-246.4187,15
